{
  "PRECISION": 0.35270289820128276,
  "RECALL": 0.6469703670942061,
  "F1": 0.45652580987453967,
  "AUPR_MEAN": 0.39140763564414416,
  "AUPR_STD": 0.15356197979748878,
  "TP": 7314,
  "TN": 43018,
  "FP": 13423,
  "FN": 3991,
  "TOTAL_DATASETS": 14
}