{
  "PRECISION": 0.39638002196220984,
  "RECALL": 0.7118183054535564,
  "F1": 0.5092058859297093,
  "AUPR_MEAN": 0.4552903595806343,
  "AUPR_STD": 0.14823376079263853,
  "TP": 10468,
  "TN": 36819,
  "FP": 15941,
  "FN": 4238,
  "TOTAL_DATASETS": 14
}