{
  "TOTAL_TIME": 7043.568144321442,
  "AVG_TIME": 503.1120103086744,
  "MAX_GPU_MEM_MB": 1703.86,
  "DATASET_COUNT": 14
}