{
  "TOTAL_TIME": 7490.058082342148,
  "AVG_TIME": 535.0041487387249,
  "MAX_GPU_MEM_MB": 2510.12,
  "DATASET_COUNT": 14
}