{
  "PRECISION": 0.21374873500072286,
  "RECALL": 0.5776142726917567,
  "F1": 0.31202954625395707,
  "AUPR_MEAN": 0.37525178037509815,
  "AUPR_STD": 0.26534276091821013,
  "TP": 8871,
  "TN": 99062,
  "FP": 32631,
  "FN": 6487,
  "TOTAL_DATASETS": 14
}