{
  "TOTAL_TIME": 14938.425318479538,
  "AVG_TIME": 1067.0303798913956,
  "MAX_GPU_MEM_MB": 531.86,
  "DATASET_COUNT": 14
}